_id,age,sex,handedness,videoGameHours,smartphoneHours,sokobanFamiliarity,digitalDeviceHours,comments,playerId,shortFormVideoHours,prolificPID,sessionID,studyID,trialOrder,conditionOrder,completedAllLevels
6605d3971b35cda2746f5c7c,28,1,right,lessThan1,3to4,notFamiliar,5plus,,171165683517420817,1to2,5ca56f36184b730001673f2d,6605cf7739c062e9672d1d2c,65f423754adf51958397327d,587,312,1
6605d65a1b35cda2746f5c83,26,1,right,1to2,3to4,notFamiliar,3to4,,1711658151977223927,lessThan1,5fe45e3b520dd11baee55be3,6605d47f7dd95b7df5b04096,65f423754adf51958397327d,857,123,1
6605da5e1b35cda2746f5c8a,29,0,right,1to2,5plus,notFamiliar,5plus,,1711658588410807589,1to2,611227693042dd3e6d8e0849,6605d6417dd95b7df5b0413a,65f423754adf51958397327d,875,321,1
6605dde71b35cda2746f5caa,30,0,right,1to2,5plus,notFamiliar,5plus,,171165955857696037,1to2,65c111f100af1af81e3f444d,6605da1d3d5de4e5282de516,65f423754adf51958397327d,875,213,1
6605de361b35cda2746f5caf,25,0,right,lessThan1,3to4,somewhatFamiliar,5plus,,1711659898194367532,3to4,6108808f4beeb2f0b8738e95,6605db69d618814a222b00a8,65f423754adf51958397327d,578,132,1
6605dffc1b35cda2746f5cc0,42,1,right,lessThan1,5plus,notFamiliar,3to4,I'm not a smart man!!,1711659383565474686,3to4,632e9aa62793c18a857aece4,6605d95070dfa84cc4b99b15,65f423754adf51958397327d,758,132,1
6605e0ba1b35cda2746f5cc9,35,0,right,lessThan1,1to2,notFamiliar,1to2,,1711659641500257374,lessThan1,5e8eab0540aaf41584d9b1b9,6605da6c5ed29149a59fe4b4,65f423754adf51958397327d,578,312,1
6605e1651b35cda2746f5cdc,42,0,right,lessThan1,3to4,somewhatFamiliar,5plus,,1711659879133829141,lessThan1,5fd4d08021ce43067dbc7bba,6605db0be3489ef374150fa8,65f423754adf51958397327d,587,231,1
6605e1d01b35cda2746f5cef,29,0,right,lessThan1,1to2,notFamiliar,1to2,,1711659606852279580,1to2,63f6f02fe8066bd918051664,6605da487dd95b7df5b04301,65f423754adf51958397327d,578,123,1
6605e2b81b35cda2746f5d09,19,1,left,1to2,5plus,notFamiliar,3to4,,1711661546210668945,3to4,6527f153bea7b2d7c0d556e4,6605e12ac0fe8f3a40b7f569,65f423754adf51958397327d,785,132,1
6605e35e1b35cda2746f5d1b,32,1,right,lessThan1,lessThan1,somewhatFamiliar,5plus,,1711659673883304605,lessThan1,6514a8e7e21c6ff0317fe0b5,6605d9c2ca32d5bbcfabb3bd,65f423754adf51958397327d,857,132,1
6605e3871b35cda2746f5d21,39,1,right,1to2,3to4,somewhatFamiliar,3to4,,1711661435887272042,1to2,5df3dcdd9b92b12b6db3a4e5,6605e17496e9d38e42154212,65f423754adf51958397327d,578,132,1
6605e3881b35cda2746f5d22,51,1,right,lessThan1,3to4,somewhatFamiliar,5plus,This was a difficult but fun study!,1711660345803304945,lessThan1,6604543713f81bf1906dd444,6605dd2bcc89a2d70dabb2f4,65f423754adf51958397327d,785,231,1
6605e4681b35cda2746f5d56,60,1,right,lessThan1,1to2,notFamiliar,3to4,"not really but the experience was great, it puzzled my brain a little, and i loved it ",1711661423592461201,1to2,6489f5f10dc480fe353ca487,6605dc12c29b20d759037b34,65f423754adf51958397327d,578,321,1
6605e4731b35cda2746f5d57,59,0,right,1to2,1to2,notFamiliar,3to4,,171166081665970526,lessThan1,5ea37c11733b42302b54b64c,6605df0bca32d5bbcfabb4f8,65f423754adf51958397327d,578,132,1
6605e4a41b35cda2746f5d61,25,0,right,lessThan1,1to2,notFamiliar,1to2,,1711661763217325976,1to2,65cd4847de506510669b4c00,6605e298008125b564432f16,65f423754adf51958397327d,785,123,1
6605e4d91b35cda2746f5d70,18,0,right,3to4,5plus,veryFamiliar,5plus,,1711661104582933356,3to4,5eca9d518197ce5f4e63cc68,6605e0210ac018fac2b2325c,65f423754adf51958397327d,578,231,1
6605e4e91b35cda2746f5d72,27,1,right,1to2,5plus,somewhatFamiliar,5plus,,1711661403757551405,1to2,5e3bba50f0bf0f3d1856238e,6605e1578e101be70d653b86,65f423754adf51958397327d,857,132,1
6605e5231b35cda2746f5d88,39,0,right,lessThan1,5plus,somewhatFamiliar,5plus,,1711661553454467240,lessThan1,65e5e9c2c0bfcbcbe835ec4d,6605e1e9c0fe8f3a40b7f598,65f423754adf51958397327d,587,312,1
6605e5311b35cda2746f5d8b,45,0,right,lessThan1,5plus,notFamiliar,5plus,,1711660470044322882,1to2,604db6324496c57afe822770,6605ddadc29b20d759037bae,65f423754adf51958397327d,578,132,1
6605e6001b35cda2746f5db0,23,0,right,1to2,3to4,somewhatFamiliar,5plus,,1711662262788105342,1to2,5b20c0474c72120001f25d90,6605e48b71e54d3223da0746,65f423754adf51958397327d,587,231,1
6605e66f1b35cda2746f5dce,26,1,right,1to2,5plus,notFamiliar,5plus,N/A,1711661380281936794,lessThan1,5dd48040a71de846ce2dbff3,6605dc8cfba549ba13632fa5,65f423754adf51958397327d,785,213,1
6605e6831b35cda2746f5dcf,30,0,right,lessThan1,1to2,somewhatFamiliar,3to4,,1711661868748496829,1to2,6575ef5ee4594000e0c8032c,6605de7de5570edeb8ce0ec3,65f423754adf51958397327d,857,213,0
6605e6bf1b35cda2746f5dda,39,0,right,lessThan1,3to4,notFamiliar,5plus,,1711661209332430156,3to4,5e72ca5b264abb21732427cf,6605e035268ac4288de5a843,65f423754adf51958397327d,758,123,1
6605e6d11b35cda2746f5dde,57,1,right,1to2,1to2,somewhatFamiliar,5plus,It was fun and challenging.,1711660903330495943,1to2,63fd36ced691b83466652931,6605df4be345a478af4a7548,65f423754adf51958397327d,857,132,1
6605e6ef1b35cda2746f5de9,30,0,left,lessThan1,1to2,notFamiliar,3to4,,1711661377197645442,1to2,61085df762ade24892b6fb01,6605e1345743f6ec7f03547f,65f423754adf51958397327d,875,312,1
6605e6fb1b35cda2746f5ded,27,0,right,lessThan1,5plus,notFamiliar,5plus,,1711661295695600705,1to2,6101fa3f1d04844272d9a714,6605e0e6a15c7cce04adfc3d,65f423754adf51958397327d,875,213,1
6605e76e1b35cda2746f5e1a,37,0,right,lessThan1,5plus,notFamiliar,5plus,"There wasn't any sound during the break portion and it seemed like it loaded really slowly, although that may have been on purpose or just an issue with my internet speed.",1711661673185526367,1to2,5fadd628cd4e9e1c42dab969,6605e25aa4614f9e5833fa9a,65f423754adf51958397327d,578,213,1
6605e77a1b35cda2746f5e20,40,1,right,lessThan1,1to2,notFamiliar,3to4,,1711660933039455084,3to4,60cbfa0478bcd18dc14647d3,6605df76a3142b1f270f837b,65f423754adf51958397327d,875,231,1
6605e79c1b35cda2746f5e29,25,1,left,3to4,1to2,somewhatFamiliar,3to4,,1711661766402210154,lessThan1,65711e994605282102a742af,6605e2afa2a1a1869995c805,65f423754adf51958397327d,785,321,1
6605e7b91b35cda2746f5e30,53,1,right,1to2,1to2,somewhatFamiliar,5plus,none,1711661396617534609,lessThan1,626af8ea8c93e250e03bfaa6,6605e14999e2c77aa09296e3,65f423754adf51958397327d,785,312,1
6605e7bc1b35cda2746f5e31,50,1,left,lessThan1,lessThan1,notFamiliar,1to2,None. Everything worked great.,1711662560469546109,lessThan1,627f448165ed9095fd43cfd1,6605e3b93bedd4cd34f3d300,65f423754adf51958397327d,758,213,1
6605e7f31b35cda2746f5e40,23,1,right,lessThan1,1to2,notFamiliar,5plus,,1711662222047161991,lessThan1,616f0b4cde85d60d1d2cb938,6605e481dff22ab59331a781,65f423754adf51958397327d,758,132,1
6605e8061b35cda2746f5e4a,31,0,right,3to4,3to4,somewhatFamiliar,3to4,,1711661507704140168,lessThan1,5cc4b3f36f21710001a49557,6605e1b8400001b036ce10cc,65f423754adf51958397327d,785,213,1
6605e8131b35cda2746f5e4e,50,0,right,5plus,1to2,notFamiliar,5plus,,1711661917284689385,1to2,5a3249cf4f278f00012859a9,6605e35596e9d38e42154279,65f423754adf51958397327d,758,321,1
6605e82b1b35cda2746f5e59,34,1,right,3to4,lessThan1,somewhatFamiliar,5plus,It was an enjoyable study!,1711662511038363014,lessThan1,6333dafae0a6b172dd2bd2af,6605e5a6ec81b4ef81ebcacf,65f423754adf51958397327d,785,231,1
6605e84c1b35cda2746f5e64,27,0,left,3to4,5plus,somewhatFamiliar,5plus,,1711661948888375765,1to2,5d5b705b74428400019fbf5e,6605e2abbb3e6cdaf4d5bd85,65f423754adf51958397327d,875,123,1
6605e8571b35cda2746f5e68,62,1,right,1to2,3to4,somewhatFamiliar,3to4,NA,1711661673180101841,1to2,644857a2d21eca3ffb31101e,6605e237433dc6ecc80f0cda,65f423754adf51958397327d,875,132,1
6605e8701b35cda2746f5e70,41,0,right,lessThan1,3to4,somewhatFamiliar,3to4,,1711662015529761028,1to2,6533d3cadd5bf086329a10d4,6605e39c44af28cc3bb99caf,65f423754adf51958397327d,785,231,1
6605e87f1b35cda2746f5e72,42,0,right,1to2,3to4,veryFamiliar,5plus,,1711662141321713172,3to4,65ec32b540cb115908f6c15e,6605e43294c22175e5fc95d9,65f423754adf51958397327d,875,132,1
6605e89c1b35cda2746f5e7e,24,0,right,lessThan1,3to4,notFamiliar,5plus,,1711662200212480029,1to2,65cb897841f626287ba0d821,6605e46f736730bb1b315d0c,65f423754adf51958397327d,758,321,1
6605e9081b35cda2746f5eaa,23,0,right,lessThan1,5plus,notFamiliar,5plus,,1711661799808827412,3to4,657321b58a2c0bd3704727d5,6605e2dda8876c1d1907598b,65f423754adf51958397327d,578,321,1
6605e90a1b35cda2746f5eac,37,0,right,1to2,1to2,notFamiliar,3to4,It was annoying. The constant threats of rejection were not fun.,1711662084180101183,lessThan1,5bb6dabb1795ab0001c77aa0,6605e3fad082e8766d72adec,65f423754adf51958397327d,875,213,1
6605e93e1b35cda2746f5eb6,24,0,right,1to2,3to4,notFamiliar,5plus,,1711662744276549927,1to2,5e7d09e7f0a5a00c4a1ccf96,6605e654d82d2f6f8e6b1eba,65f423754adf51958397327d,785,132,1
6605e9551b35cda2746f5ebd,48,1,left,lessThan1,1to2,somewhatFamiliar,3to4,No,1711660106631903450,3to4,65ae7c8727763d0d1ad7422c,6605dc358d9510538d7e5b08,65f423754adf51958397327d,587,132,1
6605e9571b35cda2746f5ebe,61,1,right,lessThan1,3to4,notFamiliar,5plus,The game was intriguing meaning. I love it ,1711662836131923529,lessThan1,65d587bdbb77499449d5e178,6605dfbcc27ea23285653aba,65f423754adf51958397327d,857,321,1
6605e9811b35cda2746f5ecc,50,0,right,lessThan1,5plus,somewhatFamiliar,5plus,,1711661889130150634,lessThan1,65c273252f46c0f1081a4d8d,6605e32eb46f9601bd2de888,65f423754adf51958397327d,587,213,1
6605e9991b35cda2746f5ed4,34,1,right,lessThan1,3to4,somewhatFamiliar,5plus,,1711662726897400711,1to2,63654cdedbe6471bd17d9850,6605e4e4b36af9e201735734,65f423754adf51958397327d,587,123,1
6605e9aa1b35cda2746f5eda,41,1,right,lessThan1,1to2,somewhatFamiliar,5plus,,1711663017772527980,lessThan1,6290348d34fa735379392d3f,6605e7a244faf825d2babbca,65f423754adf51958397327d,587,132,1
6605e9d61b35cda2746f5ef2,30,1,right,1to2,1to2,notFamiliar,1to2,,1711662662237311636,lessThan1,633aee1532fb01f8b3146a73,6605e63e7dd95b7df5b0459d,65f423754adf51958397327d,578,312,1
6605e9da1b35cda2746f5ef4,32,0,right,lessThan1,3to4,notFamiliar,3to4,n/a,1711661921818867734,1to2,60fcdfac81bec43078236e55,6605e13339c062e9672d224a,65f423754adf51958397327d,875,321,1
6605e9de1b35cda2746f5ef5,36,1,right,1to2,5plus,somewhatFamiliar,5plus,Thanks for the study!,171166180359678362,3to4,5adf3828dee8590001b05860,6605e29344af28cc3bb99c60,65f423754adf51958397327d,785,123,1
6605e9e51b35cda2746f5ef9,47,0,right,lessThan1,1to2,notFamiliar,1to2,,1711661924950240767,1to2,60ff13bf692c2c24bfe600fd,6605e35ab868c4c9e31479ae,65f423754adf51958397327d,785,231,1
6605ea431b35cda2746f5f1f,18,0,right,lessThan1,5plus,notFamiliar,5plus,,1711662177954822068,1to2,65cc2d3922d9d93de62d5b8f,6605e455950316db1de54573,65f423754adf51958397327d,758,312,1
6605ea641b35cda2746f5f29,44,1,right,1to2,1to2,somewhatFamiliar,5plus,,1711663133840100733,lessThan1,5f6837758ab63d4814ea553f,6605e80b135c2681884d1f14,65f423754adf51958397327d,587,123,1
6605ea7e1b35cda2746f5f32,24,1,right,3to4,5plus,somewhatFamiliar,5plus,,171166230638130833,5plus,5b5df59dd113f600012de8e9,6605e49499e2c77aa09297a4,65f423754adf51958397327d,587,231,1
6605eab01b35cda2746f5f3f,38,0,right,1to2,3to4,somewhatFamiliar,5plus,,1711662641127459896,lessThan1,5d5b67ab9ad5a300181398dc,6605e62432835c53c090553e,65f423754adf51958397327d,587,123,1
6605eadd1b35cda2746f5f4e,61,1,right,lessThan1,lessThan1,notFamiliar,5plus,,1711662466127870362,lessThan1,64e970e4337e163e71677537,6605e57b23c13f6c284ce885,65f423754adf51958397327d,578,213,1
6605eaef1b35cda2746f5f56,24,0,right,lessThan1,5plus,somewhatFamiliar,5plus,,1711662852788258225,5plus,5c4e4c4e7065de00011f7dcb,6605e6e535f5cde88360adf7,65f423754adf51958397327d,587,132,1
6605eaf41b35cda2746f5f57,53,0,right,3to4,lessThan1,notFamiliar,3to4,,1711662164639150376,3to4,65329cb40d7b7a4be621d48a,6605e439a8876c1d190759d5,65f423754adf51958397327d,758,231,1
6605eafb1b35cda2746f5f5a,31,1,right,3to4,1to2,somewhatFamiliar,1to2,"Cool study, I liked it a lot. More like this please!",1711662714708354127,lessThan1,607fe1df924739a885d805fb,6605e04315d81ba3ec75b00d,65f423754adf51958397327d,857,213,1
6605eb001b35cda2746f5f5c,37,1,right,lessThan1,1to2,notFamiliar,5plus,,17116625320263780,lessThan1,5f4fef64fd3fc113300fbb44,6605e5bf1dea4b0f80b7ac93,65f423754adf51958397327d,857,312,1
6605eb081b35cda2746f5f61,37,1,right,1to2,3to4,notFamiliar,5plus,,1711663030733531712,1to2,5b1200ffd282ff00015c0154,6605e7ae96e9d38e42154380,65f423754adf51958397327d,857,213,1
6605eb0e1b35cda2746f5f64,44,0,right,1to2,1to2,notFamiliar,5plus,,171166223815246539,lessThan1,5de7283098e7956ab99b23e0,6605e49346875175bd00d207,65f423754adf51958397327d,587,321,1
6605eb191b35cda2746f5f68,33,1,right,lessThan1,1to2,somewhatFamiliar,5plus,No additional comments.,171166356850459330,lessThan1,62bd2a704c56e669cce7ce56,6605e93e00bc4aea1e8025f5,65f423754adf51958397327d,587,213,1
6605eb241b35cda2746f5f6d,38,0,right,lessThan1,3to4,somewhatFamiliar,3to4,,1711662983653775620,1to2,60d285ab0eb4cd1a3c4858cb,6605e772e649e322e33e9d4a,65f423754adf51958397327d,875,321,1
6605eb241b35cda2746f5f6e,26,0,right,1to2,5plus,veryFamiliar,5plus,none,1711663439449300937,3to4,654a62f953451c822affeb29,6605e942aa381a389ed4c188,65f423754adf51958397327d,857,132,1
6605eb2d1b35cda2746f5f74,31,0,right,lessThan1,5plus,somewhatFamiliar,5plus,,1711662637292207746,5plus,60fc2c77936c9ced66c7f6e3,6605e622ac1e82954e050bdf,65f423754adf51958397327d,578,213,1
6605eb351b35cda2746f5f78,53,0,right,lessThan1,3to4,notFamiliar,5plus,,171166182256968792,1to2,652e8b28a8cbaf32300b45fd,6605e2b0a321c3dea735a38b,65f423754adf51958397327d,875,213,1
6605eb481b35cda2746f5f81,25,0,right,lessThan1,5plus,notFamiliar,3to4,,1711662780308589266,5plus,5ed03062ab3ebc103e60edea,6605e6b17e4295cb54f3d0cf,65f423754adf51958397327d,875,123,1
6605eb4c1b35cda2746f5f85,66,1,left,1to2,3to4,notFamiliar,3to4,,1711662930067962109,1to2,63f6ad3b6678834c702ed506,6605e742c1518b46ba35a374,65f423754adf51958397327d,857,123,1
6605eb581b35cda2746f5f8c,34,1,left,lessThan1,3to4,notFamiliar,3to4,It was a very interesting study! really enjoyed it,1711662312455513698,1to2,5ff39ec71d6cb49c6c906727,6605e4df86a4c826cfb7ae22,65f423754adf51958397327d,875,213,1
6605eb5a1b35cda2746f5f8e,37,1,right,1to2,lessThan1,somewhatFamiliar,5plus,Was fun and worked well.,1711663359339494814,lessThan1,6294ea611ee4f49421c6b905,6605e8f67c4131d1a26ae5da,65f423754adf51958397327d,758,231,1
6605eb9a1b35cda2746f5fa2,66,1,left,lessThan1,3to4,somewhatFamiliar,5plus,no comments,1711662708288626619,1to2,646cfc663c6a71e2ab992704,6605e5ce44af28cc3bb99d28,65f423754adf51958397327d,875,132,1
6605ebbe1b35cda2746f5fac,27,0,right,lessThan1,3to4,somewhatFamiliar,5plus,,1711662589440837257,lessThan1,65d5106c519964c4e8fe85dc,6605e5f2400001b036ce11ad,65f423754adf51958397327d,758,213,1
6605ebd31b35cda2746f5fb4,22,0,right,lessThan1,5plus,notFamiliar,5plus,,17116624023953329,1to2,65cbc91873b2f925cbe817d7,6605e53ba1fae68cefda06f5,65f423754adf51958397327d,758,312,1
6605ebd51b35cda2746f5fb5,66,1,right,lessThan1,1to2,somewhatFamiliar,5plus,no,171166189584941747,1to2,6475d02dd3c77e5a73e63ad7,6605e31e765d68d34a3e9c04,65f423754adf51958397327d,875,123,1
6605ebf11b35cda2746f5fbd,38,1,right,lessThan1,1to2,notFamiliar,3to4,Everything worked well in the study.,1711662931696868512,lessThan1,63d837ea31c724120707fc22,6605e74746875175bd00d29f,65f423754adf51958397327d,857,231,1
6605ebf31b35cda2746f5fbf,63,1,right,1to2,1to2,notFamiliar,1to2,,1711663433111991887,1to2,65b65392e13380b8c4451673,6605e9199cdb19a85d9c55df,65f423754adf51958397327d,875,231,0
6605ebf91b35cda2746f5fc4,-57,1,right,1to2,1to2,notFamiliar,3to4,,1711662490743803151,lessThan1,6466190f0491049a32d5b0fc,6605e58c251afbff9eb0471b,65f423754adf51958397327d,785,231,1
6605ec071b35cda2746f5fc9,34,0,right,lessThan1,3to4,somewhatFamiliar,5plus,na,171166331905660945,3to4,5f3227893ca51916b4ff6d9d,6605e8c10f710463207e5afd,65f423754adf51958397327d,587,132,1
6605ec1f1b35cda2746f5fce,26,1,right,lessThan1,3to4,notFamiliar,5plus,,1711663314851202012,1to2,65f322d53aa51f6ca3120bd1,6605e8caaa068928b2c2fb44,65f423754adf51958397327d,578,132,1
6605ec311b35cda2746f5fd2,47,1,right,1to2,1to2,veryFamiliar,5plus,I loved the sokoban game when I was young.  I spent so many hours in that game.  It was both very frustrating and very rewarding when you finally got the puzzle right,171166334175545381,1to2,58472149000f1000010ebc53,6605e8d4ec81b4ef81ebcb9f,65f423754adf51958397327d,785,123,1
6605ec361b35cda2746f5fd4,59,0,right,lessThan1,1to2,notFamiliar,1to2,,1711662575235487712,lessThan1,62869a1b7fff9c9a48fe6087,6605e5e8fb3acb4dc8df4711,65f423754adf51958397327d,578,312,1
6605ec371b35cda2746f5fd5,27,0,right,lessThan1,3to4,somewhatFamiliar,5plus,It was really nice and frustrating at the same time. I'd have loved to try the game over again,1711662520257533148,1to2,65fa14080b0a6b8bbaf10a97,6605e560ad322d8bf947ba35,65f423754adf51958397327d,875,321,1
6605ec3d1b35cda2746f5fd7,32,0,right,1to2,3to4,somewhatFamiliar,5plus,,1711663234259704141,1to2,64e0f16e68a0c490096bae65,6605e8327e4ee2418f154185,65f423754adf51958397327d,857,321,1
6605ec401b35cda2746f5fd9,29,1,right,3to4,1to2,notFamiliar,5plus,,1711663231692157064,lessThan1,5c024be169406e00014e0b8e,6605e8747c4131d1a26ae5c4,65f423754adf51958397327d,578,231,1
6605ec5c1b35cda2746f5fe3,54,0,right,1to2,3to4,somewhatFamiliar,3to4,"Lots of fun, but hard.",1711662535361504179,lessThan1,63f93660b863689518fb98d8,6605e5b4a5cead0afc0748b8,65f423754adf51958397327d,875,132,1
6605ec671b35cda2746f5fe5,35,0,right,lessThan1,5plus,notFamiliar,5plus,,1711662729952410644,lessThan1,60402fec7ef10821fb6ac967,6605e67e268ac4288de5a9b3,65f423754adf51958397327d,875,231,1
6605ec721b35cda2746f5fe6,20,0,right,1to2,3to4,notFamiliar,3to4,,171166333248326648,3to4,65e650c9007a046165dad827,6605e8dbbb3e6cdaf4d5befe,65f423754adf51958397327d,578,213,1
6605ec891b35cda2746f5fee,46,0,right,lessThan1,1to2,notFamiliar,3to4,,1711662700215986560,1to2,651d656c2dc54c9444ab689f,6605e65cbd767c37f9d24bda,65f423754adf51958397327d,785,123,1
6605eca61b35cda2746f5ff7,73,0,right,lessThan1,lessThan1,notFamiliar,3to4,None,1711661834719588754,1to2,5d4c7acd2799110019400b6a,6605e2fd3bedd4cd34f3d2d7,65f423754adf51958397327d,875,132,1
6605ecad1b35cda2746f5ffb,67,0,right,lessThan1,1to2,notFamiliar,3to4,I didn't know how to play so there was a learning curve,1711663321033430205,lessThan1,613e157ccd6af6049001ce25,6605e8c807056ee84db233bf,65f423754adf51958397327d,875,312,0
6605ecae1b35cda2746f5ffd,28,1,right,1to2,1to2,somewhatFamiliar,5plus,N/A,1711663235471337614,1to2,636598a7a571403968d03bf2,6605e871eeaf961c6b4cfa90,65f423754adf51958397327d,785,321,1
6605eccc1b35cda2746f6008,43,1,left,lessThan1,3to4,notFamiliar,3to4,,1711662451753674316,lessThan1,65bfaad1cc987a92e1031433,6605e562f4f877e3d98e88b6,65f423754adf51958397327d,857,321,1
6605ecea1b35cda2746f600f,51,1,right,lessThan1,3to4,somewhatFamiliar,5plus,,1711662286170818510,1to2,65cce711ac32789a604de501,6605e4bc3380fc09a9baba41,65f423754adf51958397327d,758,123,1
6605ecee1b35cda2746f6010,22,1,right,lessThan1,5plus,somewhatFamiliar,5plus,,1711662346111459564,1to2,65a2a31a6f17beac9e7e4089,6605e50123c13f6c284ce857,65f423754adf51958397327d,785,231,1
6605ed0c1b35cda2746f6017,66,0,left,1to2,3to4,somewhatFamiliar,5plus,No comments,1711663053994661455,1to2,648a18701640913de29ef479,6605e64f395b11e58f227a43,65f423754adf51958397327d,875,132,1
6605ed241b35cda2746f601d,42,0,right,lessThan1,1to2,notFamiliar,1to2,,1711662975003687367,lessThan1,60838e2e91a6300001f9ac89,6605e7649fcc21aa7ed1b4df,65f423754adf51958397327d,785,312,1
6605ed251b35cda2746f601e,30,0,right,1to2,1to2,notFamiliar,3to4,This was a really fun study :D,1711662916504913650,1to2,5b1dfad43522660001b4510d,6605e5e9d681b43b8bd17e78,65f423754adf51958397327d,785,213,1
6605ed341b35cda2746f6024,35,0,right,1to2,1to2,somewhatFamiliar,1to2,,1711663291985877199,3to4,63d672fd60ac772cd04cc33b,6605e8b1a607288f5cb7f819,65f423754adf51958397327d,857,123,1
6605ed4c1b35cda2746f6030,36,1,right,lessThan1,3to4,notFamiliar,5plus,no,1711662727000652689,3to4,56ec9fa4f9ffc4000ac1941b,6605e58ef3fc7d0eccbc2a57,65f423754adf51958397327d,875,312,1
6605ed8f1b35cda2746f604e,24,1,right,1to2,5plus,somewhatFamiliar,5plus,The study was fun but difficult ,1711662748527538539,3to4,65a0f9a33ac2f375865f6e83,6605e67fc4c2b5d3f9227da2,65f423754adf51958397327d,785,321,1
6605ed901b35cda2746f604f,51,0,right,lessThan1,5plus,notFamiliar,5plus,no,1711662526985532388,5plus,5de83f3b3aa615000a41f831,6605e517950316db1de545a3,65f423754adf51958397327d,578,123,1
6605ed9e1b35cda2746f6056,44,0,right,lessThan1,1to2,notFamiliar,5plus,no,1711662981136605651,lessThan1,5adf874e066c510001d454f5,6605e76edaa295db060f0f68,65f423754adf51958397327d,587,321,1
6605edc31b35cda2746f6066,36,0,right,3to4,5plus,somewhatFamiliar,5plus,,1711663678917981056,lessThan1,652aff1ace21a1fecfc03631,6605ea325364a74cf4a836f8,65f423754adf51958397327d,587,231,1
6605edd31b35cda2746f6069,61,0,both,lessThan1,3to4,notFamiliar,5plus,it was fun!,1711663621086427238,1to2,65ea1b0882cc12bae8f9ac34,6605e9c40a17e39d172bc20d,65f423754adf51958397327d,587,231,1
6605edde1b35cda2746f606d,40,0,right,1to2,3to4,somewhatFamiliar,5plus,did not experience any issues while doing the study. It was a challenging one.,1711662935944164521,1to2,63b88b7855864805bec51ddc,6605e74f0ac018fac2b2341c,65f423754adf51958397327d,785,132,1
6605ee031b35cda2746f6077,33,0,right,1to2,5plus,somewhatFamiliar,5plus,,171166269791330789,3to4,63e40d7b1a88578e3c993478,6605e645433dc6ecc80f0d97,65f423754adf51958397327d,857,231,1
6605ee0c1b35cda2746f607c,24,1,left,5plus,3to4,somewhatFamiliar,5plus,"my only complaint is how the pop up notifications to answers questions got in the way of trying to solve the puzzle. even worst is there been a few times where I was about to complete it, the notification would pop up and move on before I finished it",1711663429938808937,1to2,5e9cbc3999531a099492509f,6605e92d45cea21a0d2bc1d7,65f423754adf51958397327d,587,312,1
6605ee101b35cda2746f607d,33,0,right,1to2,1to2,notFamiliar,5plus,Thank you,1711663124289782756,lessThan1,6150b927614a4f154f311f9d,6605e80d5743f6ec7f0355fe,65f423754adf51958397327d,758,123,1
6605ee231b35cda2746f6085,28,0,left,lessThan1,5plus,notFamiliar,5plus,,1711663864483715092,1to2,65981b79668ed4324652efdc,6605eaea38954b8938075b67,65f423754adf51958397327d,587,123,1
6605ee5e1b35cda2746f60a0,43,1,right,1to2,5plus,veryFamiliar,5plus,,1711663785991710210,3to4,65e0d96d3c772ad01a881e6d,6605ea9df2257bee92beb7f0,65f423754adf51958397327d,578,321,1
6605ee791b35cda2746f60ae,30,0,both,lessThan1,3to4,somewhatFamiliar,3to4,none.,1711663415031674708,lessThan1,5f3ac1732efa0a74f975b1a8,6605e930e228b1489960ad15,65f423754adf51958397327d,758,123,1
6605ee951b35cda2746f60bb,50,0,right,lessThan1,5plus,notFamiliar,5plus,,1711663153657798943,lessThan1,65ecc74c0bbda5b4fb282e1b,6605e826a8876c1d19075aa9,65f423754adf51958397327d,785,312,1
6605eeaf1b35cda2746f60c7,29,1,right,1to2,3to4,notFamiliar,5plus,N/A,1711663631595933810,1to2,5ad38543a010190001b36f7e,6605ea0343e9003b36e5aaf1,65f423754adf51958397327d,857,213,1
6605eeb61b35cda2746f60c9,77,0,right,lessThan1,3to4,notFamiliar,3to4,I was a little frustrated because I couldn't get the little man to push the box into the blue box.,1711663798763713139,lessThan1,5e51c83155087a204d8e7f1f,6605eaa6395b11e58f227b90,65f423754adf51958397327d,587,123,0
6605ef0c1b35cda2746f60ef,24,1,right,1to2,3to4,somewhatFamiliar,5plus,,1711664356014421279,3to4,5edf474096c5381f5b2b66ca,6605eb56bcadee8c42fc8d01,65f423754adf51958397327d,587,132,1
6605ef101b35cda2746f60f2,30,0,right,1to2,1to2,somewhatFamiliar,5plus,,1711663233386875474,lessThan1,5a9dd8b1873cda00010d18c5,6605e7c0b64a26039094d3c1,65f423754adf51958397327d,875,213,1
6605ef111b35cda2746f60f5,61,0,right,3to4,3to4,notFamiliar,5plus,Wish I could have the solution on the games I couldn't beat.,1711663249795742338,1to2,5f6a47e882e9cd0e1d6bbb8a,6605e8869fcc21aa7ed1b545,65f423754adf51958397327d,875,312,1
6605ef541b35cda2746f6111,46,0,left,1to2,5plus,somewhatFamiliar,5plus,"No issues encountered, it was a fun and worthwhile study ",1711662374042869591,1to2,5c95970cd676900016e1a940,6605e4d97e4295cb54f3d04f,65f423754adf51958397327d,785,123,1
6605ef561b35cda2746f6113,31,1,right,3to4,3to4,notFamiliar,5plus,"I usually play puzzle games, but these were a challenge, though I definitely feel like with more time I would've figured them out! Thanks for the challenge and survey!  P.S. Found the link to the puzzles, thank you! ",1711663425666672709,lessThan1,5ee08dad6b74c73ffcab9126,6605e93445cea21a0d2bc1d9,65f423754adf51958397327d,758,321,1
6605ef5b1b35cda2746f6115,40,0,left,3to4,3to4,veryFamiliar,5plus,I really solved it so much more quickly after the break! Also I liked the funny break videos :),1711663945620691681,3to4,5f37596ced40de1d72604b38,6605eb3de3234ce878d1b8d5,65f423754adf51958397327d,857,213,1
6605ef631b35cda2746f6119,63,1,right,lessThan1,1to2,notFamiliar,3to4,,1711662710046398328,lessThan1,622a2b1c561ce3cd95519fd2,6605e670135c2681884d1ecb,65f423754adf51958397327d,857,123,1
6605ef6f1b35cda2746f6125,46,0,left,3to4,3to4,notFamiliar,5plus,,1711664272530441321,1to2,60de50896b0ce86b84a2ee24,6605ec55995cca93b02d226f,65f423754adf51958397327d,758,312,1
6605ef7f1b35cda2746f6132,25,0,right,lessThan1,5plus,notFamiliar,5plus,,1711663847227312383,3to4,613fa887602268be775e5b26,6605eae0391efc7aa58e8ac2,65f423754adf51958397327d,857,123,1
6605ef8d1b35cda2746f613c,22,0,right,3to4,3to4,somewhatFamiliar,3to4,,1711663954675370008,1to2,610093fb67a014f2230f77bb,6605eb39f4bd18ea9c94d6b9,65f423754adf51958397327d,587,321,1
6605efa21b35cda2746f6148,22,0,right,1to2,5plus,notFamiliar,5plus,,1711662888527684150,5plus,6572b442e9065729a8804fdf,6605e6d2787e238e05fd7202,65f423754adf51958397327d,578,321,1
6605efa61b35cda2746f614b,37,1,right,1to2,5plus,veryFamiliar,5plus,,1711663134177379810,3to4,65f3fed8b5fa898f0238394d,6605e8138c5e69cddb7a256e,65f423754adf51958397327d,785,132,1
6605efb01b35cda2746f614e,59,0,right,1to2,5plus,notFamiliar,5plus,No problems,1711663068556423028,1to2,575aee395d55ba0007a2e91d,6605e7c2e228b1489960acb2,65f423754adf51958397327d,875,312,1
6605efb31b35cda2746f6150,39,1,right,1to2,1to2,somewhatFamiliar,5plus,,1711663859019589564,lessThan1,56d0f57421cd29000a9737e4,6605eae7e3234ce878d1b8b0,65f423754adf51958397327d,587,123,1
6605efcb1b35cda2746f615b,30,0,right,lessThan1,1to2,somewhatFamiliar,5plus,,1711664614654438403,1to2,5f7d4a2c5db79d21c7d07240,6605ed05b868c4c9e3147cb7,65f423754adf51958397327d,587,132,1
6605efd01b35cda2746f615d,39,0,right,lessThan1,3to4,notFamiliar,5plus,,1711663510630538647,lessThan1,60c0d2e976e12d7d286961d8,6605e985b33b221e9f0f83b5,65f423754adf51958397327d,857,231,1
6605efd01b35cda2746f615e,36,0,left,lessThan1,5plus,notFamiliar,3to4,,1711664310934368619,1to2,65c140b80efce0ed096216e3,6605ec97ae23940e42147969,65f423754adf51958397327d,785,312,0
6605f03b1b35cda2746f6192,22,0,right,lessThan1,5plus,notFamiliar,5plus,I enjoyed the puzzles.,1711664124845232085,5plus,656652e30a113169e92d5703,6605ebb31dea4b0f80b7ae59,65f423754adf51958397327d,857,123,1
6605f0491b35cda2746f6197,24,1,right,lessThan1,lessThan1,notFamiliar,5plus,No issues.,1711663109388167397,lessThan1,5cfb5233df7d70001619ca90,6605e7fde5570edeb8ce1137,65f423754adf51958397327d,758,213,1
6605f05b1b35cda2746f619b,44,1,right,lessThan1,3to4,notFamiliar,3to4,,171166341893940317,1to2,5e1ff4e6b02857317533d561,6605e9288cd16024eb0746dd,65f423754adf51958397327d,857,312,1
6605f0641b35cda2746f61a4,35,0,right,3to4,5plus,veryFamiliar,5plus,,1711663445607345534,3to4,65fdf06d3ed501e25163c9ee,6605e915129482c56af2c901,65f423754adf51958397327d,785,231,1
6605f0921b35cda2746f61bf,28,1,right,lessThan1,1to2,notFamiliar,5plus,,1711663875256471766,lessThan1,585aefed73f2620001c21d75,6605ead035f5cde88360af1b,65f423754adf51958397327d,785,132,1
6605f0c31b35cda2746f61d9,32,2,right,3to4,1to2,somewhatFamiliar,3to4,"I was told there would be audio, but i didn't hear anything",1711664899106343708,1to2,5f58fa9f43f1b20c9761ed64,6605ee8635856470546ae554,65f423754adf51958397327d,578,213,1
6605f0fd1b35cda2746f61f3,22,0,right,3to4,1to2,somewhatFamiliar,5plus,,171166498598647183,lessThan1,65b918d4a314afdb09f86c77,6605eab3e66d43bfc203573b,65f423754adf51958397327d,758,123,1
6605f1161b35cda2746f6201,35,1,right,1to2,1to2,notFamiliar,1to2,n/a,1711664400203721368,1to2,636261a282f90a4b0998fe5c,6605ecdab0c6c216538846c5,65f423754adf51958397327d,587,312,1
6605f1211b35cda2746f6205,30,1,right,1to2,5plus,somewhatFamiliar,5plus,,1711664712312247208,lessThan1,66017f16bc0602277f8b2bc4,6605edca8d9510538d7e5fdc,65f423754adf51958397327d,785,321,1
6605f1231b35cda2746f6206,46,0,right,lessThan1,1to2,notFamiliar,3to4,,1711664272360229345,1to2,5cb128db0d14d3001838eef5,6605ec7e7dd95b7df5b0477b,65f423754adf51958397327d,785,213,1
6605f12a1b35cda2746f6209,32,1,right,lessThan1,1to2,notFamiliar,1to2,na,1711664627813461329,lessThan1,65de5a83c2deca3952b2d27c,6605ed588a6785dcd5673ab1,65f423754adf51958397327d,587,132,1
6605f1471b35cda2746f6215,51,1,right,lessThan1,1to2,notFamiliar,3to4,,171166395636413790,lessThan1,615dd07ab13d9882d61d6025,6605eaf1aa068928b2c2fc1b,65f423754adf51958397327d,875,231,1
6605f1551b35cda2746f621c,57,0,right,lessThan1,1to2,notFamiliar,5plus,,1711664130225251638,lessThan1,646b776eca37542a899c1de5,6605ebe0fb3acb4dc8df4902,65f423754adf51958397327d,857,213,1
6605f15a1b35cda2746f6222,50,0,right,lessThan1,3to4,notFamiliar,5plus,A couple of them felt like they did not have any solution. ,1711663971113208148,lessThan1,5ea196f089935b04d2ee69d9,6605eb57135c2681884d2034,65f423754adf51958397327d,758,132,1
6605f1a31b35cda2746f6248,27,1,right,3to4,1to2,notFamiliar,5plus,,1711664189461213957,lessThan1,58ab2db50da7f10001de8e34,6605ec358cd16024eb074830,65f423754adf51958397327d,785,123,1
6605f1c01b35cda2746f625b,28,0,right,lessThan1,3to4,notFamiliar,5plus,none,1711664231469480101,lessThan1,5f13ea38e764c61a82f38588,6605ec5f50e85e170e735aa5,65f423754adf51958397327d,578,321,1
6605f1cc1b35cda2746f6266,37,0,right,5plus,5plus,somewhatFamiliar,5plus,Im dying to know if the 2 puzzles that I kept failing at actually had solutions,1711663848262387614,lessThan1,63c047ef36e1348b19bb8010,6605eabe0d566f0b439de6c7,65f423754adf51958397327d,578,312,1
6605f1cf1b35cda2746f6269,37,1,left,1to2,lessThan1,veryFamiliar,5plus,I am slightly confused. I thought this was supposed to be a 20+ minute survey? It's over already and it felt like maybe 10 minutes. I was having fun.\nThank you for the study.,1711664881605577835,lessThan1,62867b51e71606f873d41b05,6605eebdfa643c075fe54b07,65f423754adf51958397327d,578,132,1
6605f1d21b35cda2746f626d,71,1,right,lessThan1,1to2,notFamiliar,1to2,"It was frustrating not being able to complete the puzzles.  I am a puzzle solver and usually do quite well. So I imagine your goal was to create frustration then check how we felt.  I understand your goal, but it was frustrating anyway.",1711663772784464279,lessThan1,650072ae8de93bfe76ee318d,6605ea9143feb42d9e51986b,65f423754adf51958397327d,578,213,1
6605f1de1b35cda2746f6273,26,0,right,lessThan1,5plus,notFamiliar,5plus,"I want to know how to do that puzzle I got stuck on, I'm not convinced it's possible to do.",1711664828379795743,1to2,61079b0548159cc47bed07fd,6605eeada1fae68cefda094e,65f423754adf51958397327d,875,132,1
6605f1ed1b35cda2746f627b,33,0,right,lessThan1,1to2,notFamiliar,5plus,no,171166430951855307,1to2,5e25be7c5514e680ef436338,6605ecadab0a4464e389e1b1,65f423754adf51958397327d,875,123,1
6605f1ee1b35cda2746f627d,25,1,right,1to2,5plus,notFamiliar,5plus,,1711664885031797728,3to4,628ed30ae7ff849e8bc91c86,6605ee0a9f8a1901712d256f,65f423754adf51958397327d,587,312,1
6605f1f01b35cda2746f6281,71,1,right,lessThan1,lessThan1,notFamiliar,3to4,,1711663644703518640,lessThan1,62926b2bba027005e0a84475,6605ea12108c0b250589e2e2,65f423754adf51958397327d,857,132,1
6605f2091b35cda2746f628e,34,0,right,lessThan1,1to2,notFamiliar,1to2,,1711663590535467738,1to2,65c19ae4c48696849a14833a,6605e9dcaa381a389ed4c1dd,65f423754adf51958397327d,758,321,1
6605f2141b35cda2746f6294,49,1,right,lessThan1,1to2,somewhatFamiliar,3to4,The Best study so far,1711664224170503829,lessThan1,646903cf62ee63c989d555ba,6605e7df9db01f238ddf47c5,65f423754adf51958397327d,785,312,1
6605f2161b35cda2746f6295,35,1,right,5plus,3to4,notFamiliar,5plus,,1711664888057318334,3to4,6003ef9269c7814f0ca7b46a,6605eef24cac0c28d3884631,65f423754adf51958397327d,587,312,1
6605f2181b35cda2746f6296,32,1,left,1to2,5plus,notFamiliar,5plus,,1711664624657593977,1to2,6531556a109592dfa6b3bf00,6605edea85bd8d89294d3fc7,65f423754adf51958397327d,857,231,1
6605f2201b35cda2746f629b,51,0,right,lessThan1,3to4,notFamiliar,5plus,,1711665211284892506,3to4,660452d6f4aa3a41d687885b,6605f0318e101be70d653f8e,65f423754adf51958397327d,587,321,1
6605f2321b35cda2746f62ac,65,0,right,lessThan1,1to2,notFamiliar,3to4,,1711663573596268027,lessThan1,648a20d992b7fa8718009072,6605e99e9fcc21aa7ed1b5b7,65f423754adf51958397327d,587,123,1
6605f2321b35cda2746f62ab,65,0,right,lessThan1,1to2,notFamiliar,3to4,,1711663573596268027,lessThan1,648a20d992b7fa8718009072,6605e99e9fcc21aa7ed1b5b7,65f423754adf51958397327d,587,123,1
6605f23a1b35cda2746f62b2,42,1,right,1to2,1to2,veryFamiliar,5plus,none,1711664555658994972,1to2,63b7231214a665c3e234df23,6605eda343e9003b36e5ac31,65f423754adf51958397327d,785,132,1
6605f2481b35cda2746f62bd,37,1,right,lessThan1,1to2,notFamiliar,5plus,,1711664281469157567,lessThan1,55a43278fdf99b02ff6caf89,6605e970a607288f5cb7f84b,65f423754adf51958397327d,875,123,1
6605f24f1b35cda2746f62c1,43,0,right,lessThan1,lessThan1,notFamiliar,1to2,Nope.,1711664728320501302,lessThan1,5fee99daeae54318b087e9b5,6605ee4b86a4c826cfb7b110,65f423754adf51958397327d,785,321,1
6605f25f1b35cda2746f62c6,49,1,right,lessThan1,3to4,notFamiliar,5plus,"Thank you for the break, enjoy your day!",1711664608360364944,1to2,657db19ca4e2e63c2eb7296f,6605edc73480d6eebdc2fa0b,65f423754adf51958397327d,875,321,1
6605f2771b35cda2746f62d0,58,0,right,lessThan1,lessThan1,notFamiliar,5plus,na,1711664647805805619,lessThan1,64dd3e11a1123030a614608a,6605edf9246d711e484d2623,65f423754adf51958397327d,875,132,1
6605f28c1b35cda2746f62db,38,1,right,3to4,1to2,somewhatFamiliar,5plus,"I think it was the third one where my eureka moment was squandered was so sad the puzzle finally clicked then I don't know if that was on purpose or just a timer/ action prompt, but it was impeccable. Thanks for the for the opportunity to participate in this study was fun! Wish you all the best.",1711664149205813657,1to2,5abfe867a3ba7a0001b47449,6605ec08765d68d34a3e9ea6,65f423754adf51958397327d,857,231,1
6605f29c1b35cda2746f62e6,31,1,right,lessThan1,5plus,notFamiliar,5plus,,1711664794114477957,lessThan1,63d2eec88a81e2462be70762,6605ee6fc1518b46ba35a581,65f423754adf51958397327d,578,132,1
6605f2c81b35cda2746f62fb,40,1,right,1to2,lessThan1,notFamiliar,3to4,Great Survey Thank You,1711665196220679959,1to2,5ef42ba59401801d9f859e2d,6605f02335f5cde88360b0b3,65f423754adf51958397327d,785,123,1
6605f2d21b35cda2746f6305,70,0,left,1to2,1to2,notFamiliar,3to4,Thanks so much. The only annoyance was not being able to solve the puzzles!,1711664262622836892,lessThan1,5f0550bf5819b18476ee8343,6605ec78a8876c1d19075c2e,65f423754adf51958397327d,578,231,1
6605f2e51b35cda2746f6309,50,0,right,lessThan1,1to2,somewhatFamiliar,5plus,,1711663948588172676,lessThan1,5fc1fdd411437431e95276d2,6605ead938954b8938075b61,65f423754adf51958397327d,875,312,1
6605f2ed1b35cda2746f630e,23,0,right,lessThan1,3to4,somewhatFamiliar,5plus,n/a,1711664532561506716,1to2,61105071fe05cd89830dcc43,6605eb5e58e8f351859a8225,65f423754adf51958397327d,875,231,1
6605f2f11b35cda2746f6312,67,1,right,lessThan1,1to2,notFamiliar,5plus,no,171166356344790727,lessThan1,65fca964a4630e0e3166497c,6605e9bb1dea4b0f80b7ad6b,65f423754adf51958397327d,875,312,1
6605f2f31b35cda2746f6313,38,1,right,lessThan1,1to2,somewhatFamiliar,3to4,,1711665406923930037,1to2,5bf0b1ecaf38d100016bd609,6605f0dbbf1536be5047be93,65f423754adf51958397327d,578,123,1
6605f2f51b35cda2746f6315,27,1,left,lessThan1,3to4,notFamiliar,5plus,"I didn't really feel any ""aha!"" moments. I just kept moving the blocks around until it worked.",1711665386544210053,lessThan1,63d98dcfa03c130e4599a907,6605f0cf70dfa84cc4b9a150,65f423754adf51958397327d,758,312,1
6605f3011b35cda2746f631c,25,0,right,lessThan1,3to4,somewhatFamiliar,3to4,N/A,1711664593789378760,1to2,6598c348b7eeaad183d7faa4,6605edc2119605ef6a2d271d,65f423754adf51958397327d,857,123,1
6605f3291b35cda2746f6338,30,0,left,1to2,5plus,somewhatFamiliar,5plus,,1711665066617617440,3to4,65941814304ba345e7d98d33,6605ef8a9d15fa3a6f3455eb,65f423754adf51958397327d,785,321,1
6605f3301b35cda2746f633c,70,0,right,lessThan1,3to4,notFamiliar,3to4,fun!!!!!,1711663597955539296,1to2,63b4a74fe7e73f52315cc6a1,6605e9dbd1f1421a1500d206,65f423754adf51958397327d,587,231,1
6605f3351b35cda2746f633d,31,1,right,3to4,1to2,notFamiliar,3to4,,1711664609424253532,3to4,6308c7c633514099aebd6ecf,6605ede8f3fc7d0eccbc2cde,65f423754adf51958397327d,758,231,1
6605f33b1b35cda2746f6340,58,1,right,lessThan1,lessThan1,somewhatFamiliar,5plus,,1711665050661478140,lessThan1,631685f7d6d6fcb196e87f0a,6605ef8c995cca93b02d2310,65f423754adf51958397327d,857,321,1
6605f3441b35cda2746f6347,38,1,left,lessThan1,lessThan1,notFamiliar,1to2,Thanks for the challenging puzzles.,1711664594184929301,lessThan1,597761dfd5ddf60001d14b20,6605edc838299741784a7bdd,65f423754adf51958397327d,857,231,1
6605f3491b35cda2746f634a,37,1,right,1to2,3to4,veryFamiliar,5plus,,1711664812304630881,3to4,65f6b2c74f9d8d272d911873,6605ec6afba549ba1363341b,65f423754adf51958397327d,875,231,1
6605f36c1b35cda2746f6364,35,1,right,1to2,3to4,notFamiliar,3to4,Thank you for the opportunity this was fun!,1711665019895645790,1to2,5e8644dc6d54ca0a09510c88,6605ef6c0146b57f69d4c4a5,65f423754adf51958397327d,758,231,1
6605f3911b35cda2746f6375,25,1,left,1to2,3to4,notFamiliar,5plus,,1711664739570207319,1to2,636166e1694fe8d9ed77dd68,6605ed2644af28cc3bb99f46,65f423754adf51958397327d,587,312,1
6605f3931b35cda2746f6376,49,1,right,3to4,1to2,notFamiliar,5plus,,1711663804023870872,lessThan1,65db69de5bfeec863c023e3d,6605ea779db01f238ddf4875,65f423754adf51958397327d,875,132,1
6605f3a01b35cda2746f637e,32,0,right,lessThan1,3to4,somewhatFamiliar,5plus,,1711664893502121503,1to2,61006b0f1f3bfddb6b4c5d55,6605eef58cd16024eb0748dd,65f423754adf51958397327d,578,231,1
6605f3a31b35cda2746f6380,43,0,right,lessThan1,3to4,notFamiliar,5plus,,1711664746363100444,lessThan1,6317511c1dd0acb82cf4b131,6605ee5e7e4ee2418f154347,65f423754adf51958397327d,857,312,1
6605f3a61b35cda2746f6383,30,1,right,3to4,5plus,somewhatFamiliar,5plus,,171166290864492184,3to4,65fd56b2ef726469ebaaca51,6605e731950316db1de54625,65f423754adf51958397327d,785,321,1
6605f3b91b35cda2746f638e,50,1,right,lessThan1,lessThan1,notFamiliar,3to4,,1711664706955560952,1to2,62fd447f13212a11c346c151,6605ee1570dfa84cc4b9a08e,65f423754adf51958397327d,578,123,1
6605f3cf1b35cda2746f639e,27,0,left,lessThan1,1to2,veryFamiliar,1to2,None,1711664493653829061,1to2,65f3a58fec67a4540b02a71d,6605ed53251afbff9eb04993,65f423754adf51958397327d,587,312,1
6605f3ef1b35cda2746f63b9,49,1,right,lessThan1,lessThan1,notFamiliar,5plus,no issues,1711664896478745724,lessThan1,62778bd8b195693397330c4f,6605eef77e4ee2418f154366,65f423754adf51958397327d,587,231,1
6605f3f41b35cda2746f63c1,28,1,both,1to2,5plus,somewhatFamiliar,5plus,No,1711664406931504519,1to2,63eb98f4b870ea7b4def6dbb,6605ed080a17e39d172bc32c,65f423754adf51958397327d,578,231,1
6605f3f81b35cda2746f63c5,45,1,right,1to2,3to4,veryFamiliar,3to4,N/A,1711665554136859772,1to2,63e63a16d7a7a9ceb751d456,6605f133aa381a389ed4c3ee,65f423754adf51958397327d,758,132,1
6605f4021b35cda2746f63cb,25,0,right,1to2,3to4,notFamiliar,1to2,No comments,1711664404083758096,1to2,613a3b9a0574bd2ba1bc4a72,6605ed0d6ee085c245f0f30d,65f423754adf51958397327d,785,321,1
6605f4271b35cda2746f63e6,36,1,right,1to2,1to2,somewhatFamiliar,5plus,No issues.,1711664359183285569,lessThan1,55ea70c37480920010aa9982,6605e6f6995cca93b02d20ba,65f423754adf51958397327d,587,132,1
6605f42c1b35cda2746f63ea,23,1,right,1to2,1to2,somewhatFamiliar,5plus,,1711665170929922614,lessThan1,5c9e829c7c5bfd00177fe952,6605effe246d711e484d26ad,65f423754adf51958397327d,578,321,1
6605f42c1b35cda2746f63eb,33,0,right,1to2,1to2,veryFamiliar,5plus,,1711665454848177171,lessThan1,5980128635fbf100017d0861,6605f112a3142b1f270f888f,65f423754adf51958397327d,857,312,1
6605f4371b35cda2746f63f4,38,0,right,1to2,3to4,somewhatFamiliar,5plus,Interesting game. ,1711664496258189967,1to2,65cb90ace80f886a058024ce,6605ed6287d1111830fc97ea,65f423754adf51958397327d,758,312,1
6605f43d1b35cda2746f63f5,33,0,right,1to2,3to4,veryFamiliar,5plus,Thank you! This was fun!,1711664937209369651,3to4,6165a8ee6dde7ff6f4b22e6f,6605ef1df44eb98cfb7a2646,65f423754adf51958397327d,875,213,1
6605f4561b35cda2746f6401,61,0,right,lessThan1,1to2,notFamiliar,1to2,I did not do well on these. I am not sure that last one was even possible. ,1711664163484678193,lessThan1,622a2074fe80192aa7a0212a,6605eb6150e85e170e735a52,65f423754adf51958397327d,578,231,1
6605f46b1b35cda2746f6408,27,0,right,1to2,5plus,somewhatFamiliar,5plus,,171166547087585484,1to2,6549c057c03dd7b7b3166a9d,6605f130f44eb98cfb7a26e0,65f423754adf51958397327d,587,321,1
6605f4701b35cda2746f640e,37,1,right,lessThan1,3to4,notFamiliar,3to4,,1711664225725866033,lessThan1,65c8dfcb05c1f767c5d19134,6605ec4c44af28cc3bb99f14,65f423754adf51958397327d,785,231,1
6605f4831b35cda2746f6416,34,0,right,lessThan1,3to4,notFamiliar,5plus,,1711664663524251108,lessThan1,659590edd421a4085d51e2b9,6605ee09dff22ab59331a9f5,65f423754adf51958397327d,578,312,1
6605f4861b35cda2746f6419,45,1,right,1to2,3to4,somewhatFamiliar,5plus,some of the puzzles felt like they were impossible to solve.,171166471789266800,1to2,5f3a908af90ced0c3b31be27,6605ed3238954b8938075c1b,65f423754adf51958397327d,785,321,1
6605f4861b35cda2746f641a,30,0,right,1to2,5plus,somewhatFamiliar,5plus,I feel a little bit insane because I'm normally pretty good at puzzles and these felt impossible!,1711665052395829843,lessThan1,5e7bab828d69f7095366666a,6605ef949099ba3741ba41ff,65f423754adf51958397327d,785,132,1
6605f4911b35cda2746f641f,32,1,right,3to4,1to2,somewhatFamiliar,5plus,"Dang, hate when I feel stuck. Pretty fun though.",1711665301547799405,1to2,5e2c9026f4a3052be159c494,6605f08a765d68d34a3e9fb8,65f423754adf51958397327d,857,132,1
6605f4a41b35cda2746f6427,33,1,right,3to4,lessThan1,somewhatFamiliar,5plus,There were no technical issues. This study was estimated to take 20 to 35 minutes but I finished it in 9 minutes.,1711665727336114087,lessThan1,5aa637861eda41000136d5d2,6605f095d3359c3ac5802ba6,65f423754adf51958397327d,758,213,1
6605f4ae1b35cda2746f642a,19,0,right,lessThan1,5plus,notFamiliar,5plus,,1711665131391665445,5plus,645a6d7feec0c7415d240d95,6605efd57e4295cb54f3d3ad,65f423754adf51958397327d,758,231,1
6605f4c31b35cda2746f6434,50,1,right,1to2,3to4,somewhatFamiliar,5plus,There was a point where the continue button was hidden with css. Not sure if it was intentional or not,1711664581117932855,lessThan1,65e624f4a3f2af9453e5bc48,6605ed52ec81b4ef81ebcd44,65f423754adf51958397327d,587,312,1
6605f4de1b35cda2746f6442,41,1,left,lessThan1,1to2,notFamiliar,3to4,,1711665300691673203,1to2,5d6349209b22da000117b1bd,6605f08aa5cead0afc074beb,65f423754adf51958397327d,758,312,1
6605f4e51b35cda2746f6447,25,1,right,1to2,1to2,notFamiliar,3to4,Thank you!!,1711665340503852433,1to2,6400d8d5cc4ede5d5619eb4f,6605f0a245cea21a0d2bc400,65f423754adf51958397327d,785,231,1
6605f4e91b35cda2746f644c,51,0,right,lessThan1,1to2,notFamiliar,1to2,very interesting,1711664916829583816,lessThan1,65ea41d8c31c744b580de3ee,6605ef0cb868c4c9e3147d40,65f423754adf51958397327d,785,321,1
6605f4ea1b35cda2746f644d,23,0,right,1to2,3to4,notFamiliar,5plus,,1711665414922561124,1to2,5fdc9c593986cc1cfdc5635b,6605eee4c624b5ffb8fd7558,65f423754adf51958397327d,785,312,1
6605f4ed1b35cda2746f644f,31,1,right,1to2,3to4,notFamiliar,3to4,,1711665045389954263,1to2,5f58d7941af44708223b94da,6605ef83119605ef6a2d279a,65f423754adf51958397327d,857,312,1
6605f4ee1b35cda2746f6451,35,1,right,5plus,3to4,somewhatFamiliar,5plus,"for the record my only experience with these is in a video game (tales of vesperia had a minigame based on it) (since your interest on how people solve it might as well mention it incase it assists at all). Also, for phone use IDK what to pick, im more 2-3 hours but it goes from 1-2 to 3-4 im kinda in the middle lol",171166579972970566,lessThan1,5dd8ddcb41fb3f87f7971b4f,6605f27d32835c53c09058f0,65f423754adf51958397327d,758,132,1
6605f4f31b35cda2746f6454,61,0,right,lessThan1,lessThan1,notFamiliar,3to4,,1711665050145420911,lessThan1,65493261b5e0320d0bfccd34,6605ef5a400001b036ce14fa,65f423754adf51958397327d,587,231,1
6605f4f31b35cda2746f6455,31,1,left,1to2,5plus,notFamiliar,5plus,,1711665072585494912,1to2,60e5d47e17c05633eef565e3,6605efa79f946469629bb4e4,65f423754adf51958397327d,875,123,1
6605f4fa1b35cda2746f6456,41,1,right,lessThan1,1to2,notFamiliar,3to4,no issues,1711665423866730129,lessThan1,5ee561897247c02ad544c299,6605f068244dad86e73453e3,65f423754adf51958397327d,587,132,1
6605f4fa1b35cda2746f6457,53,1,right,1to2,1to2,notFamiliar,5plus,Thanks,1711664794802155029,lessThan1,6234e1b277e7fe207a9ad500,6605ee938e101be70d653f10,65f423754adf51958397327d,875,213,1
6605f5021b35cda2746f645b,29,0,right,lessThan1,5plus,notFamiliar,5plus,I felt so dumb :(,1711664871068936996,3to4,65748440176c67deebef0656,6605eedd5743f6ec7f03583c,65f423754adf51958397327d,875,123,1
6605f5271b35cda2746f6470,40,1,right,1to2,1to2,somewhatFamiliar,3to4,this was fun,1711665621070326997,lessThan1,6595bb937f89fe169c18df42,6605f1c5c27ea23285653ff2,65f423754adf51958397327d,785,231,1
6605f5391b35cda2746f647d,48,1,left,lessThan1,1to2,notFamiliar,1to2,none,1711665459232419487,1to2,63d1559f7f3507766170ec2e,6605f129736730bb1b3160d0,65f423754adf51958397327d,758,132,1
6605f5431b35cda2746f6488,62,0,right,lessThan1,3to4,somewhatFamiliar,3to4,no,1711663833399910954,lessThan1,5eb983034987d1074b5232ce,6605eab4765d68d34a3e9de6,65f423754adf51958397327d,587,321,1
6605f54a1b35cda2746f64a1,38,1,right,lessThan1,lessThan1,somewhatFamiliar,1to2,,1711665230360686777,lessThan1,6400ed09421b2727c2f7c553,6605ef0fd3359c3ac5802b3f,65f423754adf51958397327d,758,123,1
6605f5521b35cda2746f64a5,75,1,right,lessThan1,lessThan1,notFamiliar,3to4,None,1711664506321997028,lessThan1,615224b6fec95dfc43439c28,6605ed83e228b1489960aebf,65f423754adf51958397327d,758,321,1
6605f55f1b35cda2746f64aa,30,0,right,lessThan1,5plus,notFamiliar,5plus,,1711664637238727521,3to4,614f58258eaf7063aa888d90,6605edd007056ee84db23584,65f423754adf51958397327d,758,123,1
6605f5661b35cda2746f64ae,28,0,left,lessThan1,1to2,notFamiliar,3to4,None,1711665208395869999,1to2,65f42693418685dd4515f6ac,6605efd9129482c56af2cb44,65f423754adf51958397327d,758,123,1
6605f5751b35cda2746f64b8,43,0,right,1to2,3to4,notFamiliar,3to4,,1711665499661723620,1to2,65e9d8093f17f181aa04632e,6605f14e38299741784a7cba,65f423754adf51958397327d,758,312,1
6605f5801b35cda2746f64be,41,1,right,lessThan1,1to2,somewhatFamiliar,5plus,It felt like it was unclear whether the character could pull by some unknown key press.,1711665023008308547,lessThan1,5da640b9640c5d00133f384b,6605ef5d9fcc21aa7ed1b767,65f423754adf51958397327d,857,213,1
6605f5851b35cda2746f64c2,43,1,right,lessThan1,3to4,somewhatFamiliar,3to4,,1711664776879342936,1to2,6569e0e678a24d3828afef06,6605ee1a03ebe30df9f0f3f3,65f423754adf51958397327d,875,123,1
6605f59d1b35cda2746f64c9,29,0,right,lessThan1,5plus,notFamiliar,5plus,none,1711665582692845598,3to4,610aba9d57e9ccd056ae5d01,6605f18dd1f1421a1500d411,65f423754adf51958397327d,587,312,1
6605f5a91b35cda2746f64cb,52,0,right,lessThan1,1to2,notFamiliar,5plus,N/A,1711664213510430068,3to4,56721761980a3c0011277389,6605ec409fcc21aa7ed1b6dd,65f423754adf51958397327d,587,312,1
6605f5aa1b35cda2746f64cc,39,0,right,3to4,5plus,notFamiliar,5plus,,1711665186876605103,3to4,65958dc3d43a65c4d24b6f1e,6605f0199fcc21aa7ed1b7a5,65f423754adf51958397327d,758,213,1
6605f5b51b35cda2746f64d1,22,0,right,lessThan1,1to2,notFamiliar,1to2,,171166517287624799,1to2,6154d20a40852bcd6ed5a3ec,6605f00eeeaf961c6b4cfd36,65f423754adf51958397327d,758,213,1
6605f5b71b35cda2746f64d3,44,0,right,lessThan1,lessThan1,notFamiliar,5plus,I felt like most of these weren't actually solvable (I don't really play this genre so am probably wrong),1711665102572463835,lessThan1,55ad16c5fdf99b4c8f99417f,6605ef6ee5447a883c4ce942,65f423754adf51958397327d,875,132,1
6605f5d21b35cda2746f64f0,34,1,right,1to2,5plus,notFamiliar,5plus,fun study,1711665486657851724,1to2,6596bb5e80a6c5fb83b93495,6605f13bb0c6c216538847e2,65f423754adf51958397327d,758,312,1
6605f5d51b35cda2746f64f5,40,0,right,3to4,3to4,notFamiliar,3to4,,1711665912963599984,1to2,63bc83e58f58b8076e7fad9b,6605f249a3142b1f270f88e4,65f423754adf51958397327d,587,231,0
6605f6071b35cda2746f6502,62,0,right,1to2,lessThan1,notFamiliar,5plus,,1711665021669996618,lessThan1,644ff5cdfdce8f493ccc6ca9,6605f032268ac4288de5aca6,65f423754adf51958397327d,785,213,1
6605f6211b35cda2746f650e,45,1,right,1to2,1to2,notFamiliar,5plus,No,171166552270940849,1to2,609e28fc803b1238af34d1c4,6605f15ee3234ce878d1ba80,65f423754adf51958397327d,785,213,1
6605f6321b35cda2746f6517,56,1,right,5plus,5plus,somewhatFamiliar,5plus,"No problems noted, I did like the challenge of the games although I think a couple of them had no solution :)",1711665535381648641,lessThan1,5a0071766e1ea9000124db35,6605f15a4d2336cf3724540c,65f423754adf51958397327d,875,321,1
6605f6381b35cda2746f6519,66,0,right,lessThan1,1to2,somewhatFamiliar,3to4,,171166583284361507,1to2,65f883fde8219eb71106191d,6605f279eeaf961c6b4cfde2,65f423754adf51958397327d,758,213,1
6605f6391b35cda2746f651a,67,0,right,lessThan1,3to4,somewhatFamiliar,3to4,no,1711664848678578178,1to2,64467092479723cb7906e371,6605ed3be3234ce878d1b95c,65f423754adf51958397327d,875,321,1
6605f6451b35cda2746f6521,66,1,right,lessThan1,1to2,somewhatFamiliar,5plus,,1711665745815748917,lessThan1,62e7357284e65421d8f8b10f,6605f243ad322d8bf947bdd0,65f423754adf51958397327d,857,231,1
6605f6461b35cda2746f6523,39,0,right,1to2,3to4,somewhatFamiliar,5plus,I wish there was a scale for level of frustration after each puzzle to go along with the levels of concentration/focus. They were both high (in a good way though) since both things affected my motivation. ,1711664831038885351,1to2,6602fa0262fea183d41fb9e4,6605eeb1fb3acb4dc8df499b,65f423754adf51958397327d,785,213,1
6605f64d1b35cda2746f6525,33,1,right,3to4,3to4,notFamiliar,5plus,I was getting so stuck that I was curious if all the puzzles I was shown were actually solvable or if some were impossible. Interesting/fun study,1711665178836129025,lessThan1,65f168305209539a4f55762c,6605eff4e3234ce878d1ba1a,65f423754adf51958397327d,587,312,1
6605f6711b35cda2746f6530,31,1,left,lessThan1,1to2,somewhatFamiliar,3to4,No issues or annoyances.,1711665844618682153,lessThan1,604b93f6432ad99bcb4798e8,6605f2a17e4295cb54f3d465,65f423754adf51958397327d,785,312,1
6605f6761b35cda2746f6533,30,1,right,1to2,5plus,veryFamiliar,5plus,,1711664653184910533,3to4,632c211dcdf6a137b26dfdce,6605edf6400001b036ce148d,65f423754adf51958397327d,578,132,1
6605f6771b35cda2746f6534,29,0,right,lessThan1,5plus,notFamiliar,5plus,,1711665458486215493,5plus,6604cc1105cf0f2779ae1ae8,6605f12a7dd95b7df5b048be,65f423754adf51958397327d,578,231,1
6605f67f1b35cda2746f6535,56,0,right,1to2,1to2,somewhatFamiliar,5plus,,1711665631221876672,lessThan1,5c0e94e41d3b190001080862,6605f1be0146b57f69d4c536,65f423754adf51958397327d,875,132,1
6605f6851b35cda2746f6536,43,0,right,1to2,5plus,notFamiliar,5plus,no comment,1711665507641902114,lessThan1,65615a2b723ed05c242d6331,6605f115d82d2f6f8e6b2189,65f423754adf51958397327d,785,123,1
6605f68a1b35cda2746f6539,36,0,right,lessThan1,5plus,somewhatFamiliar,5plus,none,1711665079704930379,3to4,5f31c74722eeb30e81d1ef3e,6605ee920a17e39d172bc371,65f423754adf51958397327d,587,132,1
6605f68d1b35cda2746f653a,26,1,right,1to2,1to2,somewhatFamiliar,5plus,Was that last puzzle really solvable?,1711665848441871153,lessThan1,5c50046b2b89f500015e5f6b,6605f2a8f5237affd54cfdbf,65f423754adf51958397327d,578,132,1
6605f6ae1b35cda2746f6542,38,0,right,lessThan1,5plus,notFamiliar,5plus,The demographic questions should be asked at the beginning of long studies otherwise people may feel coerced to answer them or else lose payment/ be unable to complete the survey.,1711664634197287269,lessThan1,65fc55f0dd070026d29006a8,6605edf0c010eefd9d6333ba,65f423754adf51958397327d,875,132,1
6605f6ae1b35cda2746f6543,51,0,right,lessThan1,3to4,notFamiliar,5plus,n/a,1711665903806303574,lessThan1,5e4a59b502b78f4a232c0cff,6605f2ce787e238e05fd7599,65f423754adf51958397327d,875,213,0
6605f6bb1b35cda2746f6549,37,1,right,3to4,1to2,veryFamiliar,3to4,,1711665567928114676,lessThan1,5f4df2b4bdb2449bd751ce51,6605f11c85bd8d89294d409a,65f423754adf51958397327d,578,123,1
6605f6bf1b35cda2746f654a,44,1,both,lessThan1,3to4,notFamiliar,3to4,,1711664621881760600,lessThan1,63d87d4ba0b86684507f201d,6605ed8fe649e322e33e9f59,65f423754adf51958397327d,875,213,1
6605f6d01b35cda2746f654c,65,0,right,lessThan1,5plus,notFamiliar,5plus,,1711664778131939251,lessThan1,5f489766dbc4a2364c0f4f93,6605ee7771e54d3223da0a1a,65f423754adf51958397327d,857,132,1
6605f6d91b35cda2746f654d,65,0,right,lessThan1,1to2,notFamiliar,5plus,Right when it ended I figured out the last one. lol This was a fun survey. Bring more.,1711665182686568708,lessThan1,64360d6189dec3ac8afc9a78,6605efb89fcc21aa7ed1b78c,65f423754adf51958397327d,857,321,1
6605f6dc1b35cda2746f654f,39,1,right,lessThan1,3to4,notFamiliar,5plus,,1711665388497349520,lessThan1,65f0f02b367b0d2be6ab4d93,6605f0d8957499788031b115,65f423754adf51958397327d,857,231,1
6605f6e21b35cda2746f6552,51,1,right,1to2,1to2,veryFamiliar,5plus,none,1711665938490431707,1to2,65e391f44023e76a3bb62005,6605f3780ac018fac2b23765,65f423754adf51958397327d,587,132,1
6605f6fe1b35cda2746f655a,43,1,right,lessThan1,1to2,somewhatFamiliar,5plus,none,1711665455178219266,lessThan1,60ec601b8525af507f06373d,6605f057a8876c1d19075d2f,65f423754adf51958397327d,875,312,1
6605f7081b35cda2746f655f,24,0,left,3to4,5plus,notFamiliar,5plus,,1711666058020588200,5plus,62e9731465fb490879d942c7,6605f37d251afbff9eb04b23,65f423754adf51958397327d,758,312,1
6605f7121b35cda2746f6562,37,1,right,lessThan1,3to4,veryFamiliar,3to4,It seems like the last 3 were impossible.,1711665504571317337,lessThan1,5fb97228ff45687f38da7813,6605f15bac1e82954e050f20,65f423754adf51958397327d,875,321,1
6605f71d1b35cda2746f6577,24,1,right,lessThan1,1to2,notFamiliar,5plus,,1711665833193977847,lessThan1,6603412311cbee9e33dbf46e,6605f2a18d9510538d7e6165,65f423754adf51958397327d,785,132,1
6605f71e1b35cda2746f6578,51,0,right,lessThan1,3to4,notFamiliar,5plus,I really want to know if that last puzzle can actually be solved! ,1711665585967584829,1to2,65e497b64023e76a3bb6528f,6605f19e736730bb1b3160e4,65f423754adf51958397327d,785,312,1
6605f7251b35cda2746f657c,39,1,right,1to2,1to2,notFamiliar,5plus,it feels so new to me but interesting,1711664448227859011,lessThan1,632aaef27780d596dc7e0a9f,6605ed039099ba3741ba4154,65f423754adf51958397327d,785,132,1
6605f72e1b35cda2746f6580,45,0,right,lessThan1,5plus,notFamiliar,5plus,,1711665503260372757,lessThan1,653a86ac6a28cd3f50937889,6605f144008125b5644332f2,65f423754adf51958397327d,758,132,1
6605f7a91b35cda2746f65a2,35,1,right,1to2,3to4,notFamiliar,3to4,None,1711666020617631210,lessThan1,60b8198defba8da1d95a93b8,6605f323e649e322e33ea102,65f423754adf51958397327d,758,321,1
6605f7ab1b35cda2746f65a7,25,0,right,lessThan1,1to2,notFamiliar,1to2,,1711665926343674748,3to4,65cb82b1171dd17b0b753d25,6605f0c7bf1536be5047be86,65f423754adf51958397327d,587,123,1
6605f7cd1b35cda2746f65b8,37,0,right,lessThan1,3to4,somewhatFamiliar,5plus,,1711665916562835198,1to2,610971868fe9338237d6b193,6605f2f0a5cead0afc074ca9,65f423754adf51958397327d,587,132,1
6605f7d81b35cda2746f65ba,41,1,right,1to2,3to4,somewhatFamiliar,5plus,,1711666086845462291,lessThan1,630981b0f861918e8174a43e,6605f39b38299741784a7d65,65f423754adf51958397327d,785,213,1
6605f7f21b35cda2746f65bb,55,0,right,lessThan1,1to2,notFamiliar,5plus,I kept thinking I had them solved then realizing I couldn't move the box from where I had pushed it.,1711665317257638864,lessThan1,5ef8c7d9b630670523229373,6605efd9c010eefd9d63342b,65f423754adf51958397327d,785,312,1
6605f7f71b35cda2746f65bd,69,0,right,lessThan1,3to4,somewhatFamiliar,3to4,enjoyed,1711665373281814686,1to2,5f0a7dec44c42c19a6c9f6d9,6605f10c8daa8db7ff6b1e7d,65f423754adf51958397327d,578,321,1
6605f8031b35cda2746f65c5,24,1,right,5plus,5plus,notFamiliar,5plus,,171166550058539521,lessThan1,5f83aa68ed5575548c117363,6605f156251afbff9eb04a85,65f423754adf51958397327d,758,213,1
6605f81f1b35cda2746f65d0,57,1,right,1to2,3to4,somewhatFamiliar,3to4,,1711665680106367244,lessThan1,654fb165011e2401203f8780,6605f1bed82d2f6f8e6b21aa,65f423754adf51958397327d,587,312,1
6605f8211b35cda2746f65d1,40,1,right,1to2,1to2,somewhatFamiliar,5plus,,1711665651840667451,lessThan1,614e6f4f00a9e94b123316d3,6605f1dd9f946469629bb58b,65f423754adf51958397327d,587,123,1
6605f8331b35cda2746f65d4,31,1,right,lessThan1,1to2,notFamiliar,5plus,,1711666122326509764,3to4,6328ddce9adceb215c2334ee,6605f21fd3359c3ac5802c03,65f423754adf51958397327d,785,231,1
6605f83e1b35cda2746f65d7,45,0,right,1to2,5plus,notFamiliar,5plus,no,1711665795938619707,1to2,5bae077b542eed0001384369,6605f1b2008125b56443330c,65f423754adf51958397327d,785,231,1
6605f8451b35cda2746f65dd,33,1,right,3to4,1to2,notFamiliar,5plus,This was very fun,1711665499129930573,lessThan1,5e3f778e91be661ca60e3540,6605f143d82d2f6f8e6b2194,65f423754adf51958397327d,758,231,1
6605f86b1b35cda2746f65ec,43,1,right,lessThan1,1to2,somewhatFamiliar,5plus,too hard,1711665478992525768,lessThan1,5a127fc7c259f30001766641,6605f13cc160dab279519a2d,65f423754adf51958397327d,587,213,1
6605f8771b35cda2746f65ef,38,1,left,lessThan1,lessThan1,notFamiliar,1to2,,1711665211297162109,lessThan1,566a4cf27da0350012b4582d,6605f031a5cead0afc074bcb,65f423754adf51958397327d,758,123,1
6605f8891b35cda2746f65f3,29,0,right,1to2,5plus,notFamiliar,5plus,"The puzzles reminded me of Pokemon, when players use the HM Strength with their Pokemon in caves to push boulders around into holes! I think there may have also been a gym puzzle that was similar to this in one of the games too.",1711665530165868535,1to2,5f0a768d79e052185602759b,6605f165a3142b1f270f889e,65f423754adf51958397327d,758,132,1
6605f8891b35cda2746f65f4,52,1,right,3to4,1to2,somewhatFamiliar,3to4,,171166638322733946,lessThan1,6517f127855e8baf0247b2dd,6605f4be7e4ee2418f154553,65f423754adf51958397327d,578,213,1
6605f88c1b35cda2746f65f5,35,1,right,1to2,lessThan1,notFamiliar,5plus,,1711665930926406592,lessThan1,652bec7edafaf7eb52260adc,6605f30435856470546ae68a,65f423754adf51958397327d,857,321,1
6605f8951b35cda2746f65f7,31,1,right,1to2,5plus,somewhatFamiliar,5plus,,1711666000600842790,1to2,640b129fbdcd3bb1c4f1f7fe,6605f34665a3fdad408fa8d8,65f423754adf51958397327d,578,231,1
6605f89c1b35cda2746f65f9,36,0,right,lessThan1,3to4,somewhatFamiliar,3to4,no issues,1711665876283446966,1to2,616ca5967d36f0000bd47b78,6605f2d035856470546ae67c,65f423754adf51958397327d,875,231,1
6605f89d1b35cda2746f65fa,34,0,right,1to2,3to4,notFamiliar,5plus,,1711665992835311017,lessThan1,6562025a6e3331528cf8fb3d,6605f1f28daa8db7ff6b1eb1,65f423754adf51958397327d,875,321,1
6605f8a21b35cda2746f65fc,37,1,right,lessThan1,1to2,somewhatFamiliar,5plus,,1711665675158732867,1to2,6159fb27b6340dda3fc6a5c3,6605f2045282fded9d7625e5,65f423754adf51958397327d,758,132,1
6605f8cd1b35cda2746f660a,47,0,right,1to2,3to4,notFamiliar,5plus,"How cruel, once I finally get the solution, you don't let me complete the puzzle by pushing that last square into the blue.",1711666009241747168,lessThan1,5d100e740277ff00152f7562,6605f353166ac07298f2cb77,65f423754adf51958397327d,578,321,1
6605f8f11b35cda2746f6610,25,1,right,1to2,5plus,somewhatFamiliar,5plus,,1711664505147476108,1to2,65e76ff63d66de772d036ed9,6605ed4b995cca93b02d22a2,65f423754adf51958397327d,578,213,1
6605f8f21b35cda2746f6611,25,0,right,1to2,3to4,somewhatFamiliar,5plus,"After a few puzzles I had to change my screen size because the surveys/questions wouldn't scroll down to show the submit button. Other than that, I had a ton of fun trying to figure these out! Thank you!",1711665855197629527,3to4,65bd6e6d58e4443614dae27b,6605f27a6ee085c245f0f462,65f423754adf51958397327d,785,213,1
6605f9031b35cda2746f6612,54,1,left,lessThan1,1to2,notFamiliar,3to4,,1711665659143816429,1to2,65177add8af27911a3ee59cb,6605f079e5447a883c4ce97c,65f423754adf51958397327d,587,213,1
6605f9181b35cda2746f6618,56,0,right,lessThan1,lessThan1,notFamiliar,1to2,No.,1711665856676455554,lessThan1,6462477ceb093758f41d42e9,6605f2b438954b8938075db8,65f423754adf51958397327d,875,132,1
6605f92c1b35cda2746f661a,44,0,right,3to4,1to2,somewhatFamiliar,5plus,This was challenging but fun.  It reminded me of the old NES game 'The Adventures of Lolo'. Thank you :),1711665537778770093,1to2,63b6e5e23b31a38790ff1ce2,6605f044ae23940e42147a79,65f423754adf51958397327d,758,312,1
6605f9351b35cda2746f661c,50,1,right,lessThan1,1to2,notFamiliar,3to4,wish I would hve known earlier I needed to keep scrolling for new videos during first break so I could have seen more,1711666068641690105,lessThan1,63d996f37c5b1b3053f8251c,6605f36fd681b43b8bd18265,65f423754adf51958397327d,785,132,1
6605f9491b35cda2746f661d,28,0,right,lessThan1,1to2,somewhatFamiliar,lessThan1,,1711666041344152384,lessThan1,5e7e93475caed456ffb84287,6605f31485bd8d89294d410a,65f423754adf51958397327d,875,213,1
6605f94f1b35cda2746f661e,29,1,right,lessThan1,lessThan1,somewhatFamiliar,1to2,,1711665901985956786,lessThan1,653a6c9993fd234b59fd341f,6605f2e864eccd3278d24fd0,65f423754adf51958397327d,875,321,1
6605f9501b35cda2746f661f,37,1,right,lessThan1,5plus,notFamiliar,5plus,NA.,1711664978196894526,1to2,640c3e718d10af5614ee82ee,6605ef4ca8876c1d19075ce1,65f423754adf51958397327d,578,123,1
6605f9681b35cda2746f6624,32,1,left,3to4,1to2,somewhatFamiliar,1to2,Nothing I can think of,1711665839692971836,1to2,631b485e2d1909111a6fb09a,6605f2ffaea4a2b5acebcc8e,65f423754adf51958397327d,875,321,1
6605f96f1b35cda2746f6627,67,1,right,lessThan1,1to2,notFamiliar,3to4,no,1711665467277491605,lessThan1,63f4021039d138e8425201c7,6605f12a7c4131d1a26ae85a,65f423754adf51958397327d,785,312,1
6605f97b1b35cda2746f662b,33,1,right,3to4,lessThan1,notFamiliar,5plus,,1711666241106774786,lessThan1,5fdf213eeae543727a6624e3,6605f2f8d3359c3ac5802c41,65f423754adf51958397327d,578,312,1
6605f9a01b35cda2746f662f,33,0,right,1to2,3to4,notFamiliar,5plus,,171166552982374966,3to4,5f50b1bbe29c992335098fb1,6605f17300bc4aea1e802853,65f423754adf51958397327d,758,132,1
6605f9c51b35cda2746f6633,50,0,right,lessThan1,lessThan1,notFamiliar,5plus,,1711665948634936759,lessThan1,63fe7df97332b44a2999fc7f,6605f2e6995cca93b02d23e7,65f423754adf51958397327d,587,312,1
6605f9c81b35cda2746f6635,38,0,right,lessThan1,1to2,notFamiliar,3to4,Thank you!,1711665914209288764,lessThan1,5e61acf4e360560ac112e199,6605f0ba4cac0c28d38846bd,65f423754adf51958397327d,578,213,1
6605fa021b35cda2746f663b,52,0,right,lessThan1,5plus,notFamiliar,5plus,I was unpleasantly surprised at my lack of ability to solve these puzzles!,1711665823532216168,3to4,5c553e0ad3cc6b0001d98fd3,6605f2948d9510538d7e615d,65f423754adf51958397327d,875,321,1
6605fa181b35cda2746f6641,45,1,right,3to4,5plus,somewhatFamiliar,5plus,none,1711666585911120105,1to2,60fb024cbfd74cc251c6f9b0,6605f43f395b11e58f227e38,65f423754adf51958397327d,857,123,1
6605fa1c1b35cda2746f6643,28,0,right,lessThan1,3to4,somewhatFamiliar,3to4,none,171166577001699806,1to2,65ea49c73a2f3ce64c0b8e75,6605f2471dea4b0f80b7b030,65f423754adf51958397327d,587,231,1
6605fa1c1b35cda2746f6644,28,0,right,lessThan1,3to4,somewhatFamiliar,3to4,none,171166577001699806,1to2,65ea49c73a2f3ce64c0b8e75,6605f2471dea4b0f80b7b030,65f423754adf51958397327d,587,231,1
6605fa261b35cda2746f6646,41,0,right,lessThan1,5plus,notFamiliar,5plus,nice study,1711666819562355505,1to2,60cd717e463162435e3b7d46,6605ed84246d711e484d2607,65f423754adf51958397327d,758,213,1
6605fa3b1b35cda2746f6649,48,0,right,lessThan1,1to2,notFamiliar,5plus,nope,1711666526211781106,1to2,651abffdad473f8f07e8a2e3,6605f5489ebb606ffed5c49e,65f423754adf51958397327d,587,123,1
6605fa511b35cda2746f664e,37,1,right,1to2,1to2,somewhatFamiliar,3to4,none,171166607148743057,3to4,653eee60972f8131e59d839f,6605f16aa3142b1f270f88a0,65f423754adf51958397327d,758,123,1
6605fa5d1b35cda2746f6651,48,0,right,1to2,3to4,somewhatFamiliar,5plus,"No, thanks for the study.",171166586586934792,1to2,600c43b4c2b8b63064c14e8f,6605f137d681b43b8bd181cc,65f423754adf51958397327d,875,123,1
6605fa731b35cda2746f6656,25,1,right,1to2,1to2,somewhatFamiliar,5plus,I felt one of the puzzles was intentionally unsolvable. The one where both boxes had a 2x2 free space to the right. Right before the tiktok break.,1711666626752422324,1to2,5dd671942b033b5ec8bc97b4,6605f00265a3fdad408fa7dc,65f423754adf51958397327d,785,132,1
6605fa7a1b35cda2746f6658,70,1,left,lessThan1,lessThan1,notFamiliar,5plus,none,1711666084720715554,lessThan1,63bcbf7e0ac7e876387ef720,6605f36b7e4295cb54f3d498,65f423754adf51958397327d,578,213,1
6605fa801b35cda2746f665b,31,1,right,1to2,lessThan1,somewhatFamiliar,5plus,I think I remember playing a similar game to this in Pokemon. I also remember seeing a friend play a game like this in Zelda.,1711666490251229818,lessThan1,633f13d17cdae412322eabd0,6605f366a321c3dea735a85d,65f423754adf51958397327d,875,213,1
6605fa901b35cda2746f665d,34,1,right,lessThan1,3to4,notFamiliar,3to4,,171166534237852036,5plus,62cc89cd6b8df82a5bf43aea,6605f0a8ac1e82954e050ee7,65f423754adf51958397327d,857,321,1
6605faae1b35cda2746f6661,45,1,right,1to2,3to4,veryFamiliar,5plus,I really enjoyed the study.,1711665350127740045,1to2,60dc4e2299f89a7ca94b2c91,6605f08b71e54d3223da0aa4,65f423754adf51958397327d,875,312,1
6605fab61b35cda2746f6663,42,0,right,lessThan1,3to4,notFamiliar,3to4,n/a,1711665802759692985,1to2,652d8afc5aaab078ef2baeb3,6605f217395c96b493050b8f,65f423754adf51958397327d,875,312,1
6605fabc1b35cda2746f6664,27,1,right,lessThan1,lessThan1,somewhatFamiliar,5plus,,1711666393670311509,lessThan1,58ebe3a78ec78100012150a6,6605f15a7e4295cb54f3d416,65f423754adf51958397327d,578,231,1
6605faf31b35cda2746f6669,42,0,right,lessThan1,3to4,notFamiliar,5plus,,1711667118669303713,1to2,5c6071a1e1df700001ca8bf1,6605f78735856470546ae7db,65f423754adf51958397327d,875,231,1
6605fb1a1b35cda2746f666b,50,1,right,3to4,3to4,veryFamiliar,1to2,No,1711666337723702426,1to2,654d03ec6d9ed752946923cd,6605f1d743feb42d9e519a62,65f423754adf51958397327d,758,132,1
6605fb361b35cda2746f666c,69,0,right,lessThan1,3to4,notFamiliar,5plus,Enjoyed taking your study and exercising my brain in a different way than I normally do.,1711665857855234592,3to4,5d16badb7b0154001a282fdb,6605f299008125b56443334e,65f423754adf51958397327d,785,213,1
6605fb3e1b35cda2746f666d,65,0,right,lessThan1,1to2,notFamiliar,3to4,I want to see how these are completed!!!!!,1711666022238342784,lessThan1,62eed9e3e4c704bcef237b74,6605f3597fbc1b1b70316410,65f423754adf51958397327d,785,123,1
6605fb691b35cda2746f666f,59,0,right,lessThan1,1to2,notFamiliar,5plus,no,1711665970750326099,lessThan1,5fbc2c78c568aa0c84232ce2,6605f36845cea21a0d2bc4dd,65f423754adf51958397327d,857,123,1
6605fb761b35cda2746f6670,51,1,right,1to2,1to2,notFamiliar,5plus,,1711665616325365761,1to2,65ac0e390cc74fc6024f12a5,6605f19e7c4131d1a26ae874,65f423754adf51958397327d,758,312,1
6605fb791b35cda2746f6671,35,1,both,lessThan1,1to2,somewhatFamiliar,5plus,interesting and very educative. I really force me to think and apply different strategy in solving the puzzle,1711665459622447532,lessThan1,65faa6f62cac385f0e9b962a,6605f116f861561be3929c09,65f423754adf51958397327d,587,231,1
6605fba31b35cda2746f667d,53,0,right,lessThan1,5plus,notFamiliar,5plus,No comments,1711666117996297427,1to2,5ee8bb541323a50651accf89,6605f3478d9510538d7e619e,65f423754adf51958397327d,785,321,1
6605fc441b35cda2746f6686,50,0,left,lessThan1,3to4,notFamiliar,1to2,,1711666004431428427,3to4,63c657d8e7734108a9b52587,6605f25c400001b036ce15e3,65f423754adf51958397327d,875,321,1
6605fc751b35cda2746f668b,48,0,left,lessThan1,1to2,somewhatFamiliar,3to4,,1711666012178376389,3to4,63ce4a983479277bba4987c5,6605f26323c13f6c284cec6e,65f423754adf51958397327d,587,132,1
6605fcab1b35cda2746f6691,41,0,right,lessThan1,3to4,notFamiliar,5plus,,1711666641459139793,lessThan1,63ea6fc5092518554c9b8111,6605f5c335856470546ae753,65f423754adf51958397327d,857,231,1
6605fd651b35cda2746f669f,35,1,right,lessThan1,5plus,notFamiliar,5plus,I think at least 1 puzzle was unsolvable?,1711666839034426309,1to2,6045a1851d1ba76f144dd6da,6605f683a3142b1f270f8a2e,65f423754adf51958397327d,578,312,1
6605fdf61b35cda2746f66ab,41,0,right,lessThan1,1to2,notFamiliar,5plus,,1711666522497843245,lessThan1,61bb396840db417c1a138e3d,6605f162e3234ce878d1ba82,65f423754adf51958397327d,857,132,1
6605fe1b1b35cda2746f66ad,29,1,right,3to4,1to2,somewhatFamiliar,1to2,,1711666194788151282,lessThan1,5d6f332829c25100188a4a27,6605f31e0146b57f69d4c5a1,65f423754adf51958397327d,578,213,1
6605fea51b35cda2746f66b1,31,1,right,3to4,5plus,veryFamiliar,5plus,,1711666227134986590,3to4,634282de38138fa9316eb482,6605f22b9e6c3952d1905694,65f423754adf51958397327d,785,123,1
660600171b35cda2746f66c4,49,0,right,lessThan1,5plus,somewhatFamiliar,5plus,,1711667537097415826,lessThan1,63b9d3abc3ddc61c8c08fd84,6605f91e86a4c826cfb7b39d,65f423754adf51958397327d,578,213,1
6606005f1b35cda2746f66c9,28,0,right,lessThan1,3to4,veryFamiliar,3to4,"This is a very fun study, thank you for having me!",1711666397875421972,1to2,5ad66c142230320001bd1535,6605f4ca8daa8db7ff6b1f82,65f423754adf51958397327d,578,321,1
660600821b35cda2746f66cb,54,0,left,lessThan1,1to2,notFamiliar,5plus,I have never played this type of game. I found the game very challenging.,1711665755644590408,1to2,644937c89b446a14875aed54,6605f253c160dab279519a7b,65f423754adf51958397327d,587,312,1
6606018a1b35cda2746f66ce,41,1,right,lessThan1,lessThan1,somewhatFamiliar,5plus,Everything was pretty clear and I did not experience any technical issues. However one annoyance was that I was a move or two away from solving the puzzle prior to the break before it automatically advanced to the videos. I got into the videos and unfortunately I lost my train of thought for the solution to the puzzle that I was working on. I was getting a bit frustrated not being able to replicate what I accomplished prior to the break. If I had a little more time I think I could have got back on track and solved it. ,1711668410601608899,lessThan1,6425da2ae14ac64b0138c3cb,6605fca48d9510538d7e645d,65f423754adf51958397327d,875,213,1
660603201b35cda2746f66db,51,0,right,1to2,3to4,veryFamiliar,5plus,,1711666217282590447,5plus,65a9a9f0f4506426955fd6ce,6605f23346875175bd00d5fe,65f423754adf51958397327d,578,132,1
6606032d1b35cda2746f66dd,31,1,right,lessThan1,3to4,somewhatFamiliar,1to2,none,1711669157999442270,1to2,6108d6efa698e3dbe3b313d3,6605ef01ec81b4ef81ebcdbd,65f423754adf51958397327d,758,132,1
6606047d1b35cda2746f66e9,29,0,right,3to4,3to4,veryFamiliar,5plus,,1711668600677367809,lessThan1,65ba53111e49e993460b7796,6605fd6d91605437499c5e02,65f423754adf51958397327d,758,321,1
660606481b35cda2746f66f4,35,1,right,3to4,5plus,somewhatFamiliar,5plus,great study,1711669605277638023,3to4,655341eb4e3bc14629ff1f23,66060144008125b564433788,65f423754adf51958397327d,587,312,1
660607c01b35cda2746f66fc,42,0,right,lessThan1,1to2,somewhatFamiliar,3to4,I don't think all of these were possible to solve but maybe that's the point,1711669700077435007,lessThan1,6044dfc230e44b5793804ba6,660601b2787e238e05fd79f6,65f423754adf51958397327d,758,132,1
660609151b35cda2746f66ff,70,0,right,lessThan1,lessThan1,notFamiliar,5plus,"I enjoyed the puzzles, especially when I had a difficult puzzle and then was able to come back after the break, and figure it out.",1711669727903495463,lessThan1,5b33a01fa8327d0001003821,6606013cbd767c37f9d252b1,65f423754adf51958397327d,857,231,1
66060be11b35cda2746f6702,56,0,right,lessThan1,1to2,notFamiliar,3to4,,1711670603485316249,lessThan1,6276d97e209059496d37bf74,660604d50f710463207e624b,65f423754adf51958397327d,785,123,1
660615471b35cda2746f6715,34,1,right,5plus,5plus,somewhatFamiliar,1to2,good study,1711672815649648443,5plus,616d9ef881036dfbfd63d2f4,6606039da321c3dea735acd4,65f423754adf51958397327d,587,123,1
660634ad1b35cda2746f674c,29,1,left,1to2,3to4,notFamiliar,lessThan1,test ,1711682710679365575,1to2,null,null,null,875,231,
660e2b7ad69b8b162cf1b107,29,1,right,lessThan1,3to4,notFamiliar,5plus,I feel one or more puzzles have no solutions at all.,1712201515916154988,lessThan1,null,null,null,578,132,1
